{
    "preset": "maze3",
    "closed": false,
    "remembered": {
        "Default": {
            "0": {
                "cwidth": 1024,
                "cheight": 1024,
                "SVG_filename": "beer",
                "SVG_edgedist": 1.121667055802008
            },
            "1": {
                "SEED_npieces": 78,
                "SEED_autodistribute": true,
                "a1": 435,
                "a2": 3,
                "f": 1000,
                "a": 0
            },
            "2": {
                "d1": 20,
                "d2": 4,
                "forcetonext": 300,
                "forcetopoints": 320.65217391304344,
                "fc": 1,
                "speed": 0.1271266540642722,
                "fmax": 1,
                "edgeforce": 1000
            }
        },
        "maze": {
            "0": {
                "cwidth": 1024,
                "cheight": 1024,
                "SVG_filename": "beer",
                "SVG_edgedist": 0.1
            },
            "1": {
                "SEED_npieces": 91,
                "SEED_autodistribute": true,
                "a1": 435,
                "a2": 3,
                "f": 1000,
                "a": 0
            },
            "2": {
                "d1": 20,
                "d2": 4,
                "forcetonext": 124.05482041587902,
                "power1": 3.9000000000000004,
                "forcetopoints": 328.2136105860113,
                "fc": 1,
                "power2": 5,
                "speed": 0.3993383742911153,
                "fmax": 1,
                "edgeforce": 214.79206049149337
            }
        },
        "maze2": {
            "0": {
                "cwidth": 1024,
                "cheight": 1024,
                "SVG_filename": "cirkel",
                "SVG_edgedist": 0.1
            },
            "1": {
                "SEED_npieces": 181,
                "SEED_autodistribute": true,
                "a1": 435,
                "a2": 3,
                "f": 275.2835538752363,
                "a": 0
            },
            "2": {
                "d1": 30,
                "d2": 4.7,
                "forcetonext": 1000,
                "power1": 1,
                "forcetopoints": 245.03780718336483,
                "fc": 1,
                "power2": 2,
                "speed": 0.1271266540642722,
                "fmax": 1,
                "edgeforce": 1000
            }
        },
        "maze3": {
            "2": {
                "d1": 20,
                "d2": 5.1000000000000005,
                "forcetonext": 933.1285444234405,
                "power1": 1,
                "forcetopoints": 1000,
                "fc": 1,
                "power2": 2,
                "speed": 0.1271266540642722,
                "fmax": 1,
                "edgeforce": 1000
            }
        }
    },
    "folders": {
        "Voronoi Details": {
            "preset": "Default",
            "closed": false,
            "folders": {}
        },
        "Diff Details": {
            "preset": "Default",
            "closed": false,
            "folders": {}
        }
    }
}