{
  "preset": "Default",
  "remembered": {
    "Default": {
      "0": {
        "cwidth": 2048,
        "cheight": 2048,
        "maskfilename": "olifant",
        "offsetX": 1,
        "offsetY": 0.5,
        "repeatX": 0.0035,
        "repeatY": 0.008,
        "rotation": 0,
        "color": "#CCAAAA",
        "curvesegments": 10,
        "simplify": 0,
        "bevel": true,
        "flat": false,
        "scale": 0,
        "bgfilename": "white",
        "objectposx": -69.34124944960212,
        "objectposy": 89.4197407716864,
        "objectrot": 0,
        "lightx": -884.1520616287567,
        "lighty": 600.4233509036726,
        "lightz": 1131.2711246332638,
        "lightf": 9.149984341527972,
        "spot": "#7b7a7a",
        "ambient": "#bcbcbc",
        "resetview": false
      }
    },
    "Wall2": {
      "0": {
        "cwidth": 2048,
        "cheight": 2048,
        "maskfilename": "olifant",
        "offsetX": 1,
        "offsetY": 0.5,
        "repeatX": 0.0035,
        "repeatY": 0.008,
        "rotation": 0,
        "color": "#CCAAAA",
        "curvesegments": 10,
        "simplify": 0,
        "bevel": true,
        "flat": false,
        "scale": 0,
        "bgfilename": "wall2.jpg",
        "objectposx": -99.58143806318088,
        "objectposy": 119.65992938526517,
        "objectrot": -24.962849801856777,
        "lightx": 1000,
        "lighty": 462.6792404625194,
        "lightz": 1104.4875476030393,
        "lightf": 4.9411365224927355,
        "spot": "#808080",
        "ambient": "#a8a0a0",
        "resetview": false
      }
    },
    "Wall1": {
      "0": {
        "cwidth": 2048,
        "cheight": 2048,
        "maskfilename": "olifant",
        "offsetX": 1,
        "offsetY": 0.5,
        "repeatX": 0.0035,
        "repeatY": 0.008,
        "rotation": 0,
        "color": "#CCAAAA",
        "curvesegments": 10,
        "simplify": 0,
        "bevel": true,
        "flat": false,
        "scale": 0,
        "bgfilename": "wall1.jpg",
        "objectposx": -69.34124944960212,
        "objectposy": 89.4197407716864,
        "objectrot": 0,
        "lightx": -884.1520616287567,
        "lighty": 600.4233509036726,
        "lightz": 1131.2711246332638,
        "lightf": 9.149984341527972,
        "spot": "#7b7a7a",
        "ambient": "#bcbcbc",
        "resetview": false
      }
    },
    "White": {
      "0": {
        "cwidth": 2048,
        "cheight": 2048,
        "maskfilename": "olifant",
        "offsetX": 1,
        "offsetY": 0.5,
        "repeatX": 0.0035,
        "repeatY": 0.008,
        "rotation": 0,
        "color": "#CCAAAA",
        "curvesegments": 10,
        "simplify": 0,
        "bevel": true,
        "flat": false,
        "scale": 590,
        "bgfilename": "white",
        "objectposx": -69.34124944960212,
        "objectposy": 89.4197407716864,
        "objectrot": 0,
        "lightx": -884.1520616287567,
        "lighty": 600.4233509036726,
        "lightz": 1131.2711246332638,
        "lightf": 9.149984341527972,
        "spot": "#7b7a7a",
        "ambient": "#bcbcbc",
        "resetview": false
      }
    }
  },
  "closed": false,
  "folders": {
    "texture": {
      "preset": "Default",
      "closed": true,
      "folders": {}
    },
    "Geometry": {
      "preset": "Default",
      "closed": false,
      "folders": {}
    },
    "Background": {
      "preset": "Default",
      "closed": false,
      "folders": {
        "Light": {
          "preset": "Default",
          "closed": false,
          "folders": {}
        }
      }
    }
  }
}